snapshot,date_ny,session,run_utc,run_ny,account,account_key,site_id,status,type,broker,open_date,deposit,balance,floating,withdrawals,net_pl,gain_pct,monthly_pct,trades,days,profit_factor,max_dd_pct,site_deposit,flag
2026-09-28 AM,2026-09-28,AM,2026-09-28 11:00 UTC,2026-09-28 07:00 EDT,Risky 1,8082576,8082576,Active,Breakout / Scalper,IC Markets,2026-08-20,1000.00,2439.51,507.40,0.00,1439.51,,,,,,,,Seed data
2026-09-28 AM,2026-09-28,AM,2026-09-28 11:00 UTC,2026-09-28 07:00 EDT,Risky 2 (1st),2100156551,2100156551,Blown,Grid,BlackBull,2026-08-24,1000.00,0.00,0.00,0.00,-1000.00,,,,,,,,Seed data
2026-09-28 AM,2026-09-28,AM,2026-09-28 11:00 UTC,2026-09-28 07:00 EDT,Risky 3,8096369,8096369,Active,Breakout / Grid,IC Markets,2026-09-01,1000.00,1553.60,3.01,0.00,553.60,,,,,,,,Seed data
2026-09-28 AM,2026-09-28,AM,2026-09-28 11:00 UTC,2026-09-28 07:00 EDT,Risky 4,532914,532914,Active,Grid / Martingale,BlackBull,2026-09-08,1000.00,1153.29,0.00,0.00,153.29,,,,,,,,Seed data
2026-09-28 AM,2026-09-28,AM,2026-09-28 11:00 UTC,2026-09-28 07:00 EDT,Risky 5,8110804,8110804,Active,Grid / Martingale,IC Markets,2026-09-15,1000.00,1130.12,0.00,0.00,130.12,,,,,,,,Seed data
2026-09-28 AM,2026-09-28,AM,2026-09-28 11:00 UTC,2026-09-28 07:00 EDT,Risky 2 (2nd),2100160020,2100160020,Active,Grid,BlackBull,2026-09-27,1000.00,1005.77,0.00,0.00,5.77,,,,,,,,Seed data
2026-09-28 PM,2026-09-28,PM,2026-09-28 23:13 UTC,2026-09-28 19:13 EDT,Risky 1,8082576,8082576,Active,Breakout / Scalper,IC Markets,2026-08-20,1000.00,2439.51,574.39,0.00,1439.51,143.95,73.01,45,40,8.19,18.97,1000.00,
2026-09-28 PM,2026-09-28,PM,2026-09-28 23:13 UTC,2026-09-28 19:13 EDT,Risky 2 (1st),2100156551,2100156551,Blown,Grid,BlackBull,2026-08-24,1000.00,0.00,0.00,0.00,-1000.00,,,,,,,,
2026-09-28 PM,2026-09-28,PM,2026-09-28 23:13 UTC,2026-09-28 19:13 EDT,Risky 3,8096369,8096369,Active,Breakout / Grid,IC Markets,2026-09-01,1000.00,1558.60,0.00,0.00,558.60,55.86,63.74,62,27,9.74,6.63,1000.00,
2026-09-28 PM,2026-09-28,PM,2026-09-28 23:13 UTC,2026-09-28 19:13 EDT,Risky 4,532914,532914,Active,Grid / Martingale,BlackBull,2026-09-08,1000.00,1153.29,0.00,0.00,153.29,15.33,23.85,19,20,5.66,8.39,1000.00,
2026-09-28 PM,2026-09-28,PM,2026-09-28 23:13 UTC,2026-09-28 19:13 EDT,Risky 5,8110804,8110804,Active,Grid / Martingale,IC Markets,2026-09-15,1000.00,1130.12,-16.00,0.00,130.12,13.01,32.62,11,13,14.01,7.60,1000.00,
2026-09-28 PM,2026-09-28,PM,2026-09-28 23:13 UTC,2026-09-28 19:13 EDT,Risky 2 (2nd),2100160020,2100160020,Active,Grid,BlackBull,2026-09-27,1000.00,1005.77,1.37,0.00,5.77,0.58,0.00,2,1,999.00,0.10,1000.00,
